Term	Df	SumOfSqs	R2	F	Pr(>F)
Model	2	0.365591253203247	0.262045139103735	2.66322325039103	0.001
Residual	15	1.02955484434951	0.737954860896265	NA	NA
Total	17	1.39514609755276	1	NA	NA
