Term	Df	SumOfSqs	R2	F	Pr(>F)
Model	2	0.495234271935969	0.148544106346666	1.30844217052725	0.001
Residual	15	2.83868643428319	0.851455893653334	NA	NA
Total	17	3.33392070621916	1	NA	NA
