Term	Df	SumOfSqs	R2	F	Pr(>F)
Model	2	0.237575555217326	0.148491620362789	1.30789922842029	0.003
Residual	15	1.36235011491067	0.851508379637211	NA	NA
Total	17	1.59992567012799	1	NA	NA
