Term	Df	SumOfSqs	R2	F	Pr(>F)
Model	2	0.0520163543315565	0.360965964073629	4.23646406662468	0.002
Residual	15	0.0920868562441264	0.639034035926371	NA	NA
Total	17	0.144103210575683	1	NA	NA
